step,MI,MSE,Inception
TEST,664.4380751486107,7.328096389770508,3876.038330078125
