step,MI,MSE,Inception
TEST,571.3061306211387,9.456835746765137,2716.73876953125
