step,MI,MSE,Inception
TEST,641.5280571720921,7.828907489776611,3920.3603515625
