step,MI,MSE,Inception
TEST,887.8520031056523,4.24149227142334,3988.406982421875
