step,MI,MSE,Inception
TEST,716.3149228347918,6.856452941894531,3939.265869140625
