step,MI,MSE,Inception
TEST,968.3107751904635,4.028354644775391,3085.177734375
