step,MI,MSE
0,2.10925293555566,67.53685760498047
50,21.330647016979444,23.310686111450195
100,11.646003370784198,23.326082229614258
150,15.057213790452487,21.99578285217285
200,15.384516995099958,21.145252227783203
250,21.759612906591244,19.058984756469727
300,15.242867717103712,21.675159454345703
