step,MI,MSE
0_0,15.372033808951231,21.074987411499023
