step,MI,MSE,Inception
TEST,759.8020599873391,9.090932846069336,3932.65869140625
