step,MI,MSE,Inception
TEST,1119.6198198338056,2.594233274459839,2564.8125
