step,MI,MSE,Inception
TEST,412.9000344474087,149.08168029785156,5868.42236328125
