step,MI,MSE,Inception
TEST,800.006780239007,6.221313953399658,3785.864990234375
